PMLB dataset,tabpfn,Logistic Regression,hyperfast
analcatdata_aids,0.6018518518518519,0.5202546296296297,0.5625
analcatdata_asbestos,0.7768696581196582,0.854843304843305,0.7699252136752137
